sales_year,sales_quarter,total_sales,average_sales
2018,Q1,115950460,7441.307919394173
2018,Q2,103118617,6472.015125839453
2018,Q3,105790694,6756.766558089033
2018,Q4,89449170,6225.1492796993525
