sales_year,sales_quarter,total_sales,average_sales
2019,Q1,86945674,6217.066428316053
2019,Q2,81123680,5977.282640730917
2019,Q3,92465927,7009.77386096581
2019,Q4,75916833,6503.069470618469
