sales_year,sales_quarter,total_sales,average_sales
2020,Q1,78970662,6797.853318412671
2020,Q2,63264897,6369.163092721232
