sales_year,total_sales,average_sales
2017,93569152,6335.081381178064
2018,414308941,6732.242586243317
2019,336452114,6418.147228262943
2020,142235559,6600.257958236659
